{
  "project_info": {
    "project_number": "781578754191",
    "firebase_url": "https://heychat-f0cd9-default-rtdb.firebaseio.com",
    "project_id": "heychat-f0cd9",
    "storage_bucket": "heychat-f0cd9.appspot.com"
  },
  "client": [
    {
      "client_info": {
        "mobilesdk_app_id": "1:781578754191:android:7a4bf50aa492935ed8f8fa",
        "android_client_info": {
          "package_name": "com.example.heychat"
        }
      },
      "oauth_client": [
        {
          "client_id": "781578754191-36qntigslmo6i7f4b2htdcqriret2r4n.apps.googleusercontent.com",
          "client_type": 1,
          "android_info": {
            "package_name": "com.example.heychat",
            "certificate_hash": "c68c5f0d9125a62c2d27e189fe9234d6a61607c9"
          }
        },
        {
          "client_id": "781578754191-aj4eoa2h95u4n88uk4fk3272lsf3h510.apps.googleusercontent.com",
          "client_type": 1,
          "android_info": {
            "package_name": "com.example.heychat",
            "certificate_hash": "2076acbcf59e028b29ab090736a92e6df81b1bae"
          }
        },
        {
          "client_id": "781578754191-jpjjau55agv5gjjtppe878f0991fvg3n.apps.googleusercontent.com",
          "client_type": 3
        }
      ],
      "api_key": [
        {
          "current_key": "AIzaSyDMs4n9dKdG6okQMJ1q_0blLQvqmpFwv5Q"
        }
      ],
      "services": {
        "appinvite_service": {
          "other_platform_oauth_client": [
            {
              "client_id": "781578754191-jpjjau55agv5gjjtppe878f0991fvg3n.apps.googleusercontent.com",
              "client_type": 3
            }
          ]
        }
      }
    }
  ],
  "configuration_version": "1"
}